<?xml version="1.0" encoding="UTF-8"?>
<configurationDescriptor version="62">
  <logicalFolder name="root" displayName="root" projectFiles="true">
    <df name="scripted" root=".">
      <df name="engine">
      </df>
      <df name="example_bots">
      </df>
      <df name="maps">
      </df>
      <in>Bot.cpp</in>
      <in>Bot.h</in>
      <in>Map.cpp</in>
      <in>Map.h</in>
      <in>MyTronBot.cc</in>
      <in>location.cpp</in>
      <in>test.cpp</in>
    </df>
    <logicalFolder name="ExternalFiles"
                   displayName="Important Files"
                   projectFiles="false">
      <itemPath>Makefile-scripted.mk</itemPath>
      <itemPath>makefile</itemPath>
    </logicalFolder>
  </logicalFolder>
  <sourceRootList>
    <Elem>.</Elem>
  </sourceRootList>
  <projectmakefile>Makefile-scripted.mk</projectmakefile>
  <confs>
    <conf name="Default" type="0">
      <toolsSet>
        <developmentServer>localhost</developmentServer>
        <compilerSet>GNU|GNU</compilerSet>
        <platform>4</platform>
      </toolsSet>
      <makefileType>
        <makeTool>
          <buildCommandWorkingDir>.</buildCommandWorkingDir>
          <buildCommand>$(MAKE) -f Makefile</buildCommand>
          <cleanCommand>$(MAKE) -f Makefile clean</cleanCommand>
          <executablePath></executablePath>
        </makeTool>
      </makefileType>
      <item path="Map.h" ex="true" tool="3">
      </item>
    </conf>
  </confs>
</configurationDescriptor>
